fecha;cotizacion
2016-02-01;5911.79
2016-03-01;5717.58
2016-04-01;5641.85
2016-06-01;5701.08
2016-07-01;5571.79
2016-08-01;5536.97
2016-09-01;5536.46
2016-11-01;5728.99
2016-12-01;5837.59
2016-02-02;5871.94
2016-03-02;5685.71
2016-05-02;5575.16
2016-06-02;5692.89
2016-08-02;5504.31
2016-09-02;5549.98
2016-11-02;5726.36
2016-12-02;5831.34
2016-02-03;5883.45
2016-03-03;5701.86
2016-05-03;5566.48
2016-06-03;5681.52
2016-08-03;5517.83
2016-11-03;5731.53
2016-01-04;5834.73
2016-02-04;5885.83
2016-03-04;5686.23
2016-04-04;5619.96
2016-05-04;5576.26
2016-07-04;5564.71
2016-08-04;5523.39
2016-10-04;5579.7
2016-11-04;5733.66
2016-01-05;5867.16
2016-02-05;5866.13
2016-04-05;5546.65
2016-05-05;5601.43
2016-07-05;5562.77
2016-08-05;5526.05
2016-09-05;5539.07
2016-10-05;5582.23
2016-12-05;5813.4
2016-01-06;5860.46
2016-04-06;5562.65
2016-05-06;5607.82
2016-06-06;5643.96
2016-07-06;5578
2016-09-06;5540.9
2016-10-06;5569.28
2016-12-06;5796.43
2016-01-07;5871.2
2016-03-07;5698.2
2016-04-07;5592.36
2016-06-07;5621.54
2016-07-07;5583.64
2016-09-07;5576.63
2016-10-07;5573.82
2016-11-07;5733.4
2016-12-07;5805
2016-01-08;5877.24
2016-02-08;5736.52
2016-03-08;5717.34
2016-04-08;5626.5
2016-06-08;5636.54
2016-07-08;5569.18
2016-08-08;5523.24
2016-09-08;5552.5
2016-11-08;5731.28
2016-02-09;5777.31
2016-03-09;5723.23
2016-05-09;5593.22
2016-06-09;5649.75
2016-08-09;5521.97
2016-09-09;5559.56
2016-11-09;5739.73
2016-12-09;5816.8
2016-02-10;5746.51
2016-03-10;5721.92
2016-05-10;5586.25
2016-06-10;5668.74
2016-08-10;5518.16
2016-10-10;5563.86
2016-11-10;5742.9
2016-01-11;5882.72
2016-02-11;5791.5
2016-03-11;5726.43
2016-04-11;5608.56
2016-05-11;5600.19
2016-07-11;5550.88
2016-08-11;5514.55
2016-10-11;5580.88
2016-11-11;5742.51
2016-01-12;5891.47
2016-02-12;5817.01
2016-04-12;5585.17
2016-05-12;5628.97
2016-07-12;5569.77
2016-08-12;5504.02
2016-09-12;5557.19
2016-10-12;5583
2016-12-12;5798.56
2016-01-13;5892.64
2016-04-13;5589.69
2016-05-13;5642.02
2016-06-13;5654.39
2016-07-13;5565.73
2016-09-13;5553.38
2016-10-13;5606.1
2016-12-13;5796.92
2016-01-14;5912.16
2016-03-14;5721.93
2016-04-14;5580.22
2016-06-14;5648.06
2016-07-14;5568.13
2016-09-14;5564.47
2016-10-14;5605.4
2016-11-14;5759.11
2016-12-14;5789.09
2016-01-15;5922.38
2016-02-15;5793.38
2016-03-15;5736.62
2016-04-15;5559.6
2016-06-15;5656.66
2016-07-15;5548.55
2016-09-15;5560.14
2016-11-15;5749.74
2016-12-15;5807.55
2016-02-16;5802.12
2016-03-16;5725.47
2016-05-16;5606.99
2016-06-16;5639.41
2016-08-16;5494.18
2016-09-16;5554.68
2016-11-16;5763.89
2016-12-16;5794.06
2016-02-17;5800.44
2016-03-17;5713.95
2016-05-17;5611.58
2016-06-17;5629.61
2016-08-17;5520.76
2016-10-17;5608.23
2016-11-17;5776.75
2016-01-18;5920.85
2016-02-18;5801.82
2016-03-18;5690.3
2016-04-18;5551.79
2016-05-18;5598.25
2016-07-18;5542.84
2016-08-18;5519.82
2016-10-18;5609.06
2016-11-18;5800.74
2016-01-19;5911.74
2016-02-19;5783.2
2016-04-19;5540.79
2016-05-19;5613.45
2016-07-19;5553.65
2016-08-19;5518.33
2016-09-19;5550.25
2016-10-19;5629.16
2016-12-19;5778.69
2016-01-20;5923.32
2016-04-20;5539.55
2016-05-20;5612.63
2016-06-20;5585.05
2016-07-20;5560.07
2016-09-20;5558.69
2016-10-20;5637.68
2016-12-20;5768.56
2016-01-21;5943.43
2016-03-21;5667.55
2016-04-21;5534.15
2016-06-21;5585.21
2016-07-21;5564.32
2016-09-21;5565.06
2016-10-21;5662.72
2016-11-21;5802.76
2016-12-21;5746.88
2016-01-22;5953.16
2016-02-22;5719.1
2016-03-22;5668.72
2016-04-22;5539.68
2016-06-22;5633
2016-07-22;5560.31
2016-08-22;5512.74
2016-09-22;5577.4
2016-11-22;5801.44
2016-12-22;5773.22
2016-02-23;5699.16
2016-03-23;5676.55
2016-05-23;5615.36
2016-06-23;5644.75
2016-08-23;5506.17
2016-09-23;5571.82
2016-11-23;5811.63
2016-12-23;5761.31
2016-02-24;5716.04
2016-05-24;5614.48
2016-06-24;5654.33
2016-08-24;5519.87
2016-10-24;5676.83
2016-11-24;5814.59
2016-01-25;5944.26
2016-02-25;5714.4
2016-04-25;5530.27
2016-05-25;5631.54
2016-07-25;5550.49
2016-08-25;5517.67
2016-10-25;5703.46
2016-11-25;5820.27
2016-01-26;5934.11
2016-02-26;5722.54
2016-04-26;5508.9
2016-05-26;5646.56
2016-07-26;5537.03
2016-08-26;5507.17
2016-09-26;5554.35
2016-10-26;5704.03
2016-12-26;5749.56
2016-01-27;5938.2
2016-04-27;5537.45
2016-05-27;5690.05
2016-06-27;5622.65
2016-07-27;5556.05
2016-09-27;5558.5
2016-10-27;5723.46
2016-12-27;5745.47
2016-01-28;5930.99
2016-03-28;5665.77
2016-04-28;5550.68
2016-06-28;5605.55
2016-07-28;5557.95
2016-09-28;5567.73
2016-10-28;5728.46
2016-11-28;5820.76
2016-12-28;5759.51
2016-01-29;5932.54
2016-03-29;5649.38
2016-04-29;5571.1
2016-06-29;5614.69
2016-07-29;5543.57
2016-08-29;5524.93
2016-09-29;5572.15
2016-11-29;5828.84
2016-12-29;5766.93
2016-03-30;5663.92
2016-05-30;5699.48
2016-06-30;5588.96
2016-08-30;5525.04
2016-09-30;5555.39
2016-11-30;5839.87
2016-03-31;5628.71
2016-05-31;5708.68
2016-08-31;5527.82
2016-10-31;5723.49
2017-02-01;5749
2017-03-01;5487.68
2017-06-01;5603.53
2017-08-01;5559.2
2017-09-01;5663.8
2017-11-01;5648.2
2017-12-01;5664.86
2017-01-02;5742.4
2017-02-02;5741.5
2017-03-02;5466.47
2017-05-02;5572.01
2017-06-02;5586.9
2017-08-02;5564.38
2017-11-02;5643.25
2017-01-03;5756.8
2017-02-03;5739.61
2017-03-03;5463.19
2017-04-03;5633.22
2017-05-03;5591.09
2017-07-03;5557.5
2017-08-03;5562.77
2017-10-03;5651.41
2017-11-03;5642.02
2017-01-04;5776.83
2017-04-04;5629.37
2017-05-04;5603.47
2017-07-04;5555.28
2017-08-04;5568.25
2017-09-04;5653.81
2017-10-04;5652.28
2017-12-04;5657.79
2017-01-05;5784.39
2017-04-05;5624.54
2017-05-05;5593.96
2017-06-05;5568.39
2017-07-05;5558.55
2017-09-05;5657.75
2017-10-05;5648.07
2017-12-05;5656.97
2017-01-06;5777.23
2017-02-06;5726.24
2017-03-06;5407.98
2017-04-06;5615.14
2017-06-06;5565.99
2017-07-06;5559.37
2017-09-06;5661.22
2017-10-06;5644.8
2017-11-06;5646.3
2017-12-06;5655.27
2017-02-07;5746.3
2017-03-07;5430.26
2017-04-07;5567.22
2017-06-07;5584.9
2017-07-07;5541.37
2017-08-07;5570.29
2017-09-07;5654.56
2017-11-07;5642.34
2017-12-07;5633.03
2017-02-08;5750.94
2017-03-08;5424.43
2017-05-08;5584.13
2017-06-08;5578.32
2017-08-08;5565.08
2017-09-08;5639.11
2017-11-08;5653.05
2017-01-09;5769.99
2017-02-09;5749.72
2017-03-09;5443
2017-05-09;5594.32
2017-06-09;5574.28
2017-08-09;5581.7
2017-10-09;5638.86
2017-11-09;5655
2017-01-10;5738.16
2017-02-10;5732.31
2017-03-10;5432
2017-04-10;5464.09
2017-05-10;5587.54
2017-07-10;5538.95
2017-08-10;5572.43
2017-10-10;5629.97
2017-11-10;5655.89
2017-01-11;5754.67
2017-04-11;5523.33
2017-05-11;5594.79
2017-07-11;5524.98
2017-08-11;5579.68
2017-09-11;5642.93
2017-10-11;5641.66
2017-12-11;5624.56
2017-01-12;5736.89
2017-04-12;5539.2
2017-05-12;5580.72
2017-07-12;5535.46
2017-09-12;5639.83
2017-10-12;5645.1
2017-12-12;5626.54
2017-01-13;5744.65
2017-02-13;5726.17
2017-03-13;5461.73
2017-06-13;5572.68
2017-07-13;5546.31
2017-09-13;5647.43
2017-10-13;5635.47
2017-11-13;5654.63
2017-12-13;5630.36
2017-02-14;5735.03
2017-03-14;5476.59
2017-06-14;5567.51
2017-07-14;5549.53
2017-08-14;5573.35
2017-09-14;5656.82
2017-11-14;5647.94
2017-12-14;5634.17
2017-02-15;5721.02
2017-03-15;5518.99
2017-06-15;5565.31
2017-09-15;5659.31
2017-11-15;5651.01
2017-12-15;5634.92
2017-01-16;5727.54
2017-02-16;5703.06
2017-03-16;5517.06
2017-05-16;5580.62
2017-06-16;5565.28
2017-08-16;5567.71
2017-10-16;5639.51
2017-11-16;5652.81
2017-01-17;5734.13
2017-02-17;5674.69
2017-03-17;5517.67
2017-04-17;5531.82
2017-05-17;5561.86
2017-07-17;5550.29
2017-08-17;5570.49
2017-10-17;5638.45
2017-11-17;5653.87
2017-01-18;5724.48
2017-04-18;5527.3
2017-05-18;5589.89
2017-07-18;5546.75
2017-08-18;5581.32
2017-09-18;5665.92
2017-10-18;5642.82
2017-12-18;5636.67
2017-01-19;5725.38
2017-04-19;5555.8
2017-05-19;5586.62
2017-06-19;5569.88
2017-07-19;5538.36
2017-09-19;5666.48
2017-10-19;5649.97
2017-12-19;5632.63
2017-01-20;5732.42
2017-02-20;5616.86
2017-03-20;5526.86
2017-04-20;5557.75
2017-06-20;5562.56
2017-07-20;5560.37
2017-09-20;5674.92
2017-10-20;5642.69
2017-11-20;5650.55
2017-12-20;5635.33
2017-02-21;5567.16
2017-03-21;5548.69
2017-04-21;5577.31
2017-06-21;5571.2
2017-07-21;5557.16
2017-08-21;5579.08
2017-09-21;5676.87
2017-11-21;5652.48
2017-12-21;5621.13
2017-02-22;5604.11
2017-03-22;5595.55
2017-05-22;5592.35
2017-06-22;5582.68
2017-08-22;5599.77
2017-09-22;5668.98
2017-11-22;5663.14
2017-12-22;5604.79
2017-01-23;5725.67
2017-02-23;5573.28
2017-03-23;5600.62
2017-05-23;5591.87
2017-06-23;5559.39
2017-08-23;5616.28
2017-10-23;5632.59
2017-11-23;5672.81
2017-01-24;5752.34
2017-02-24;5536.19
2017-03-24;5632.29
2017-04-24;5581.26
2017-05-24;5604.3
2017-07-24;5557.12
2017-08-24;5641.09
2017-10-24;5631.73
2017-11-24;5672.6
2017-01-25;5779.19
2017-04-25;5583.81
2017-05-25;5604.27
2017-07-25;5553.8
2017-08-25;5650.37
2017-09-25;5669.87
2017-10-25;5643.12
2017-01-26;5776.3
2017-04-26;5587.13
2017-05-26;5606.6
2017-06-26;5562.98
2017-07-26;5565.05
2017-09-26;5666.29
2017-10-26;5648.4
2017-12-26;5611.87
2017-01-27;5780.82
2017-03-27;5648.54
2017-04-27;5581.59
2017-06-27;5561.51
2017-07-27;5562.13
2017-09-27;5659.67
2017-10-27;5648.02
2017-11-27;5666.14
2017-12-27;5602.3
2017-02-28;5464.99
2017-03-28;5633.8
2017-04-28;5571.66
2017-06-28;5569.32
2017-07-28;5557.19
2017-08-28;5643.45
2017-09-28;5655.11
2017-11-28;5658.48
2017-12-28;5590.47
2017-03-29;5647.7
2017-05-29;5596.18
2017-06-29;5581.66
2017-08-29;5650.35
2017-09-29;5656.58
2017-11-29;5669.44
2017-01-30;5781.38
2017-03-30;5637.27
2017-05-30;5597.52
2017-06-30;5559.67
2017-08-30;5667.46
2017-10-30;5647.08
2017-11-30;5669.33
2017-01-31;5776.89
2017-03-31;5638.14
2017-05-31;5596.68
2017-07-31;5555.3
2017-08-31;5654.5
2017-10-31;5636.73
2018-02-01;5599.22
2018-03-01;5557.38
2018-06-01;5723.22
2018-08-01;5751.5
2018-10-01;5894.26
2018-11-01;5994.48
2018-01-02;5597.02
2018-02-02;5610.03
2018-03-02;5537.77
2018-04-02;5544.86
2018-05-02;5557.3
2018-07-02;5693.71
2018-08-02;5746.4
2018-10-02;5901.2
2018-11-02;5973.16
2018-01-03;5616.97
2018-04-03;5551.22
2018-05-03;5572.88
2018-07-03;5698.07
2018-08-03;5746.98
2018-09-03;5826.38
2018-10-03;5902.8
2018-12-03;5922.83
2018-01-04;5631.75
2018-04-04;5558.11
2018-05-04;5579.5
2018-06-04;5696.68
2018-07-04;5701.73
2018-09-04;5831.9
2018-10-04;5910.2
2018-12-04;5900.31
2018-01-05;5636.35
2018-02-05;5590.83
2018-03-05;5509.81
2018-04-05;5554.05
2018-06-05;5685.95
2018-07-05;5719.73
2018-09-05;5844.41
2018-10-05;5905.69
2018-11-05;5973.53
2018-12-05;5915.17
2018-02-06;5595.9
2018-03-06;5491.79
2018-04-06;5540.5
2018-06-06;5675.12
2018-07-06;5714.53
2018-08-06;5742.68
2018-09-06;5839.95
2018-11-06;5967.34
2018-12-06;5910.44
2018-02-07;5591.06
2018-03-07;5498.58
2018-05-07;5584.95
2018-06-07;5648.54
2018-08-07;5735.6
2018-09-07;5830.02
2018-11-07;5933.08
2018-12-07;5915.66
2018-01-08;5638.88
2018-02-08;5591.82
2018-03-08;5506.94
2018-05-08;5595.82
2018-06-08;5656.54
2018-08-08;5752.7
2018-10-08;5904.21
2018-11-08;5913.47
2018-01-09;5626.73
2018-02-09;5584.53
2018-03-09;5519.04
2018-04-09;5535.66
2018-05-09;5614.74
2018-07-09;5708.96
2018-08-09;5753.81
2018-10-09;5908.64
2018-11-09;5917.26
2018-01-10;5614.89
2018-04-10;5544.02
2018-05-10;5603.91
2018-07-10;5697.76
2018-08-10;5752.06
2018-09-10;5831.49
2018-10-10;5918.8
2018-12-10;5921.82
2018-01-11;5627.59
2018-04-11;5548.37
2018-05-11;5594.76
2018-07-11;5706.59
2018-09-11;5834.61
2018-10-11;5931.86
2018-12-11;5941.08
2018-01-12;5617.83
2018-02-12;5571.09
2018-03-12;5517.98
2018-04-12;5546.61
2018-06-12;5681.1
2018-07-12;5713.3
2018-09-12;5837.88
2018-10-12;5958.69
2018-11-12;5926.24
2018-12-12;5941.6
2018-02-13;5574.69
2018-03-13;5513.48
2018-04-13;5543.98
2018-06-13;5665.79
2018-07-13;5718.78
2018-08-13;5760.61
2018-09-13;5847.6
2018-11-13;5929.79
2018-12-13;5925.58
2018-02-14;5572.87
2018-03-14;5516.98
2018-06-14;5660.63
2018-08-14;5755.09
2018-09-14;5850.19
2018-11-14;5932.19
2018-12-14;5912.26
2018-01-15;5608.87
2018-02-15;5577.31
2018-03-15;5527.18
2018-06-15;5671.32
2018-10-15;5949.85
2018-11-15;5924.34
2018-01-16;5611.53
2018-02-16;5579.37
2018-03-16;5535.34
2018-04-16;5537.96
2018-05-16;5609.85
2018-07-16;5719.31
2018-08-16;5766.94
2018-10-16;5942.05
2018-11-16;5909.1
2018-01-17;5630.56
2018-04-17;5528.18
2018-05-17;5624.2
2018-07-17;5722.65
2018-08-17;5772.95
2018-09-17;5846.68
2018-10-17;5953.03
2018-12-17;5916.48
2018-01-18;5627.53
2018-04-18;5534.48
2018-05-18;5636.81
2018-06-18;5679.26
2018-07-18;5724.66
2018-09-18;5848.26
2018-10-18;5978.63
2018-12-18;5922.51
2018-01-19;5624.77
2018-02-19;5577.2
2018-03-19;5536.11
2018-04-19;5534.22
2018-06-19;5690.71
2018-07-19;5738.78
2018-09-19;5860.73
2018-10-19;5981.29
2018-11-19;5904.89
2018-12-19;5943.97
2018-02-20;5578.99
2018-03-20;5537.74
2018-04-20;5539.18
2018-06-20;5699.6
2018-07-20;5739.47
2018-08-20;5779.91
2018-09-20;5861.23
2018-11-20;5896.22
2018-12-20;5924.63
2018-02-21;5583.84
2018-03-21;5546.64
2018-05-21;5644.5
2018-06-21;5699.49
2018-08-21;5797.45
2018-09-21;5860.55
2018-11-21;5927.55
2018-12-21;5921.44
2018-01-22;5619.72
2018-02-22;5587.64
2018-03-22;5559.92
2018-05-22;5646.35
2018-06-22;5700.42
2018-08-22;5806.22
2018-10-22;5997.28
2018-11-22;5928.04
2018-01-23;5607.37
2018-02-23;5586.03
2018-03-23;5562.89
2018-04-23;5542.31
2018-05-23;5672.57
2018-07-23;5736.96
2018-08-23;5804.63
2018-10-23;5998.65
2018-11-23;5934.41
2018-01-24;5603.66
2018-04-24;5548.38
2018-05-24;5697.26
2018-07-24;5743.7
2018-08-24;5804.12
2018-09-24;5869.82
2018-10-24;6001.07
2018-12-24;5911.18
2018-01-25;5612.15
2018-04-25;5559.85
2018-05-25;5687.85
2018-06-25;5691.03
2018-07-25;5745.56
2018-09-25;5883.12
2018-10-25;6004.75
2018-01-26;5624.36
2018-03-26;5558.01
2018-04-26;5560.08
2018-06-26;5678.67
2018-07-26;5748.23
2018-09-26;5894.9
2018-10-26;6016.17
2018-11-26;5938.68
2018-12-26;5941.31
2018-02-27;5571.16
2018-03-27;5554.01
2018-04-27;5559.56
2018-06-27;5688.74
2018-07-27;5744.73
2018-08-27;5804.17
2018-09-27;5907.76
2018-11-27;5948.81
2018-12-27;5977.02
2018-02-28;5564.64
2018-03-28;5548.29
2018-05-28;5701.51
2018-06-28;5704.54
2018-08-28;5815.36
2018-09-28;5895.39
2018-11-28;5948.86
2018-12-28;5960.54
2018-01-29;5623.18
2018-05-29;5741.09
2018-06-29;5702.7
2018-08-29;5833.5
2018-10-29;6000.94
2018-11-29;5942.9
2018-01-30;5623.65
2018-04-30;5552.43
2018-05-30;5749
2018-07-30;5735.52
2018-08-30;5848.79
2018-10-30;5995.65
2018-11-30;5933.1
2018-01-31;5610.2
2018-05-31;5734.94
2018-07-31;5733.89
2018-08-31;5834.38
2018-10-31;5993.55
2019-02-01;6016.59
2019-03-01;6076.02
2019-04-01;6192.48
2019-07-01;6193.92
2019-08-01;6051.71
2019-10-01;6398.73
2019-11-01;6451.33
2019-01-02;5979.91
2019-04-02;6188.2
2019-05-02;6309.27
2019-07-02;6204.12
2019-08-02;6027.7
2019-09-02;6257.37
2019-10-02;6405.53
2019-12-02;6463.65
2019-01-03;5987.14
2019-04-03;6195.44
2019-05-03;6319.68
2019-06-03;6289.85
2019-07-03;6189.33
2019-09-03;6286.09
2019-10-03;6398.08
2019-12-03;6432.59
2019-01-04;6019.38
2019-02-04;6029.79
2019-04-04;6199.91
2019-06-04;6277.06
2019-07-04;6167.55
2019-09-04;6267.84
2019-10-04;6398.83
2019-11-04;6428.55
2019-12-04;6426.58
2019-02-05;6028.26
2019-03-05;6074.56
2019-04-05;6198.66
2019-06-05;6279.03
2019-07-05;6143.77
2019-08-05;6037.57
2019-09-05;6243.88
2019-11-05;6433.52
2019-12-05;6441.62
2019-02-06;6043.26
2019-03-06;6090.99
2019-05-06;6338.66
2019-06-06;6293.14
2019-08-06;6069.95
2019-09-06;6278.87
2019-11-06;6440.48
2019-12-06;6438.37
2019-01-07;5999.59
2019-02-07;6030.21
2019-03-07;6086.11
2019-05-07;6350.75
2019-06-07;6276.8
2019-08-07;6113.77
2019-10-07;6403.07
2019-11-07;6446.95
2019-01-08;6000.05
2019-02-08;6037.02
2019-03-08;6095.3
2019-04-08;6202.94
2019-05-08;6360.96
2019-07-08;6149.71
2019-08-08;6101.04
2019-10-08;6401.09
2019-11-08;6457.33
2019-01-09;6010.34
2019-04-09;6208.49
2019-05-09;6364.74
2019-07-09;6109.5
2019-08-09;6065.15
2019-09-09;6306.43
2019-10-09;6411.89
2019-12-09;6430
2019-01-10;6019.87
2019-04-10;6214.98
2019-05-10;6395.71
2019-06-10;6260.13
2019-07-10;6056.29
2019-09-10;6308.74
2019-10-10;6415.52
2019-12-10;6437.78
2019-01-11;6019.39
2019-02-11;6038.42
2019-03-11;6104.97
2019-04-11;6219.06
2019-06-11;6251.03
2019-07-11;6039.89
2019-09-11;6334.86
2019-10-11;6409.78
2019-11-11;6471.6
2019-12-11;6441.74
2019-02-12;6047.69
2019-03-12;6094.76
2019-04-12;6220.2
2019-06-12;6265.91
2019-07-12;6010.05
2019-08-12;6089.93
2019-09-12;6332.93
2019-11-12;6463.16
2019-12-12;6435.59
2019-02-13;6045.99
2019-03-13;6104.41
2019-05-13;6350.97
2019-06-13;6244.16
2019-08-13;6100.76
2019-09-13;6340.77
2019-11-13;6455.25
2019-12-13;6447.22
2019-01-14;6024.18
2019-02-14;6056.58
2019-03-14;6120.72
2019-06-14;6194.51
2019-08-14;6100.38
2019-10-14;6414.84
2019-11-14;6445.2
2019-01-15;6043.98
2019-02-15;6051.21
2019-03-15;6128.78
2019-04-15;6220.39
2019-07-15;6000
2019-10-15;6433.65
2019-11-15;6443.51
2019-01-16;6048.12
2019-04-16;6218.38
2019-05-16;6292.56
2019-07-16;5978.94
2019-08-16;6118.72
2019-09-16;6339.66
2019-10-16;6468.72
2019-12-16;6454.78
2019-01-17;6063.34
2019-04-17;6241.61
2019-05-17;6283.78
2019-07-17;6024.68
2019-09-17;6352.2
2019-10-17;6480.12
2019-12-17;6462.53
2019-01-18;6080.19
2019-02-18;6051.99
2019-03-18;6138.18
2019-06-18;6186.14
2019-07-18;5975.65
2019-09-18;6364.34
2019-10-18;6469.82
2019-11-18;6438.49
2019-12-18;6454.22
2019-02-19;6068.6
2019-03-19;6134.56
2019-06-19;6201.55
2019-07-19;5977.17
2019-08-19;6120.37
2019-09-19;6388.94
2019-11-19;6468.13
2019-12-19;6451.97
2019-02-20;6079.58
2019-03-20;6148.56
2019-05-20;6296.1
2019-06-20;6203.87
2019-08-20;6141.23
2019-09-20;6397.66
2019-11-20;6474.81
2019-12-20;6446.61
2019-01-21;6069.77
2019-02-21;6085.12
2019-03-21;6146.86
2019-05-21;6320.12
2019-06-21;6199.86
2019-08-21;6154.17
2019-10-21;6455.48
2019-11-21;6469.82
2019-01-22;6057.35
2019-02-22;6095.66
2019-03-22;6156.54
2019-04-22;6245.45
2019-05-22;6341.19
2019-07-22;5980.26
2019-08-22;6182.91
2019-10-22;6459.14
2019-11-22;6465.24
2019-01-23;6046.21
2019-04-23;6259.13
2019-05-23;6296.55
2019-07-23;5985.38
2019-08-23;6216.25
2019-09-23;6390.39
2019-10-23;6482.22
2019-12-23;6443.59
2019-01-24;6042.1
2019-04-24;6266.36
2019-05-24;6285.42
2019-06-24;6202.03
2019-07-24;6014.93
2019-09-24;6369.47
2019-10-24;6482.86
2019-12-24;6471.22
2019-01-25;6051.15
2019-02-25;6088.13
2019-03-25;6178.64
2019-04-25;6261.36
2019-06-25;6212.72
2019-07-25;6018.4
2019-09-25;6395.56
2019-10-25;6488.72
2019-11-25;6449.52
2019-02-26;6087.83
2019-03-26;6161.87
2019-04-26;6268.52
2019-06-26;6217.27
2019-07-26;6003.18
2019-08-26;6238.62
2019-09-26;6391.51
2019-11-26;6465.09
2019-12-26;6485.55
2019-02-27;6105.01
2019-03-27;6176.24
2019-05-27;6267.21
2019-06-27;6195.29
2019-08-27;6243.83
2019-09-27;6387.09
2019-11-27;6473.53
2019-12-27;6473.48
2019-01-28;6063.85
2019-02-28;6091.78
2019-03-28;6191.15
2019-05-28;6264.62
2019-06-28;6190.45
2019-08-28;6283.28
2019-10-28;6474.06
2019-11-28;6456.11
2019-01-29;6091.93
2019-03-29;6181.37
2019-04-29;6291.57
2019-05-29;6309.09
2019-07-29;6023.28
2019-08-29;6306.97
2019-10-29;6454.09
2019-11-29;6455.06
2019-01-30;6084.58
2019-04-30;6286.93
2019-05-30;6309.35
2019-07-30;6017.74
2019-08-30;6251.91
2019-09-30;6380.13
2019-10-30;6453.29
2019-12-30;6453.14
2019-01-31;6049.72
2019-05-31;6273.7
2019-07-31;5999.18
2019-10-31;6446.26
2020-04-01;6555.88
2020-06-01;6656.91
2020-07-01;6812.59
2020-09-01;6979
2020-10-01;6997.56
2020-12-01;7039.67
2020-01-02;6479.78
2020-03-02;6520.83
2020-04-02;6554.83
2020-06-02;6657.25
2020-07-02;6814.18
2020-09-02;6991.11
2020-10-02;6996.4
2020-11-02;7026.6
2020-12-02;7032.9
2020-01-03;6484.96
2020-02-03;6507.77
2020-03-03;6510.31
2020-04-03;6540.38
2020-06-03;6656.23
2020-07-03;6816.21
2020-08-03;6934.99
2020-09-03;7003.14
2020-11-03;7026.41
2020-12-03;7027.97
2020-02-04;6481.97
2020-03-04;6519.65
2020-05-04;6524.27
2020-06-04;6659.75
2020-08-04;6939.68
2020-09-04;6998.67
2020-11-04;7028.6
2020-12-04;7028.71
2020-02-05;6489.98
2020-03-05;6535.29
2020-05-05;6517.9
2020-06-05;6664.31
2020-08-05;6933.28
2020-10-05;7004.93
2020-11-05;7032.85
2020-01-06;6505.19
2020-02-06;6515.61
2020-03-06;6536.39
2020-04-06;6488.18
2020-05-06;6544.95
2020-07-06;6838.32
2020-08-06;6930.6
2020-10-06;7005.79
2020-11-06;7035.33
2020-01-07;6515.51
2020-02-07;6508.32
2020-04-07;6485.54
2020-05-07;6562.69
2020-07-07;6835.96
2020-08-07;6929.07
2020-09-07;6984.82
2020-10-07;7013.88
2020-12-07;7032.79
2020-01-08;6513.81
2020-05-08;6557.14
2020-06-08;6654.78
2020-07-08;6831.43
2020-09-08;6988.48
2020-10-08;7011.75
2020-01-09;6504.94
2020-03-09;6590.36
2020-06-09;6655.6
2020-07-09;6851.09
2020-09-09;6991.94
2020-10-09;7007.7
2020-11-09;7026.76
2020-12-09;7037.24
2020-01-10;6501.42
2020-02-10;6531.96
2020-03-10;6578.9
2020-06-10;6672.82
2020-07-10;6872.53
2020-08-10;6935.16
2020-09-10;6986.56
2020-11-10;7026.73
2020-12-10;7038.31
2020-02-11;6533.5
2020-03-11;6581.04
2020-05-11;6562.36
2020-06-11;6678.77
2020-08-11;6939.86
2020-09-11;6974.33
2020-11-11;7034.94
2020-12-11;7028.9
2020-02-12;6527.8
2020-03-12;6584.89
2020-05-12;6558.28
2020-08-12;6949.04
2020-10-12;7009.25
2020-11-12;7034.75
2020-01-13;6505.35
2020-02-13;6531.23
2020-03-13;6565.76
2020-04-13;6483.94
2020-05-13;6565.15
2020-07-13;6896.34
2020-08-13;6953.55
2020-10-13;7018.5
2020-11-13;7030.5
2020-01-14;6515.39
2020-02-14;6519.86
2020-04-14;6480.53
2020-07-14;6917.48
2020-08-14;6945.94
2020-09-14;6976.3
2020-10-14;7024.61
2020-12-14;7009.08
2020-01-15;6521.54
2020-04-15;6495.22
2020-06-15;6699.7
2020-07-15;6919.03
2020-09-15;6982.54
2020-10-15;7033.16
2020-12-15;6990.82
2020-01-16;6518.61
2020-03-16;6573.97
2020-04-16;6489.6
2020-06-16;6709.93
2020-07-16;6908.74
2020-09-16;6989.26
2020-10-16;7027.43
2020-11-16;7030.48
2020-12-16;6982.19
2020-01-17;6524.22
2020-02-17;6516.15
2020-03-17;6588.52
2020-04-17;6481.46
2020-06-17;6713.64
2020-07-17;6926.53
2020-08-17;6942.71
2020-09-17;6986.6
2020-11-17;7037.14
2020-12-17;6980.08
2020-02-18;6527.31
2020-03-18;6600.07
2020-05-18;6587.89
2020-06-18;6725.24
2020-08-18;6946.55
2020-09-18;6984.94
2020-11-18;7043.24
2020-12-18;6954.27
2020-02-19;6533.73
2020-03-19;6644.02
2020-05-19;6588.49
2020-06-19;6736.32
2020-08-19;6964.42
2020-10-19;7035.16
2020-11-19;7040.85
2020-01-20;6526.47
2020-02-20;6539.99
2020-03-20;6645.64
2020-04-20;6483.08
2020-05-20;6604.64
2020-07-20;6946.44
2020-08-20;6965.82
2020-10-20;7032.99
2020-11-20;7039.98
2020-01-21;6524.46
2020-02-21;6540.15
2020-04-21;6481.34
2020-05-21;6605.5
2020-07-21;6960.01
2020-08-21;6963.99
2020-09-21;6991.03
2020-10-21;7039.28
2020-12-21;6847.12
2020-01-22;6527.05
2020-04-22;6500.16
2020-05-22;6624.27
2020-06-22;6732.23
2020-07-22;6964.06
2020-09-22;6989.24
2020-10-22;7042
2020-12-22;6804.79
2020-01-23;6520.5
2020-03-23;6636.66
2020-04-23;6531.5
2020-06-23;6722.72
2020-07-23;6969.39
2020-09-23;6998.93
2020-10-23;7041.47
2020-11-23;7043.2
2020-12-23;6878.29
2020-01-24;6513.72
2020-02-24;6550.32
2020-03-24;6599.37
2020-04-24;6559.44
2020-06-24;6734.97
2020-07-24;6939.1
2020-08-24;6960.58
2020-09-24;7000.85
2020-11-24;7048.73
2020-12-24;6772.53
2020-02-25;6522.67
2020-03-25;6588.41
2020-05-25;6630.23
2020-06-25;6757.63
2020-08-25;6967.58
2020-09-25;6986.18
2020-11-25;7057.31
2020-02-26;6514.83
2020-03-26;6581.98
2020-05-26;6630.46
2020-06-26;6781.11
2020-08-26;6986.81
2020-10-26;7030.32
2020-11-26;7054.18
2020-01-27;6520.69
2020-02-27;6526.01
2020-03-27;6561.58
2020-04-27;6546.96
2020-05-27;6656.49
2020-07-27;6940.25
2020-08-27;6983.18
2020-10-27;7028.57
2020-11-27;7053.98
2020-01-28;6528.94
2020-02-28;6509.8
2020-04-28;6528.38
2020-05-28;6643.82
2020-07-28;6944.32
2020-08-28;6976.21
2020-09-28;6985.43
2020-10-28;7028.72
2020-12-28;6762.82
2020-01-29;6528.94
2020-04-29;6506.63
2020-05-29;6647.62
2020-06-29;6801.28
2020-07-29;6955.9
2020-10-29;7034.99
2020-12-29;6830.95
2020-01-30;6534.62
2020-03-30;6579.79
2020-04-30;6500.45
2020-06-30;6807.13
2020-07-30;6935.07
2020-09-30;6990.24
2020-10-30;7027.74
2020-11-30;7038.55
2020-12-30;6900.11
2020-01-31;6530.58
2020-03-31;6563
2020-07-31;6921.81
2020-08-31;6966.57
2021-02-01;6920.03
2021-06-01;6766.95
2021-07-01;6760.35
2021-09-01;6927.4
2021-10-01;6915.86
2021-11-01;6893.87
2021-12-01;6824
2021-02-02;6899.42
2021-03-02;6649.94
2021-06-02;6765.7
2021-07-02;6787.39
2021-08-02;6914.57
2021-09-02;6933.42
2021-11-02;6878.62
2021-12-02;6805.34
2021-02-03;6871.52
2021-03-03;6679.15
2021-05-03;6618.87
2021-06-03;6769
2021-08-03;6927.75
2021-09-03;6926.32
2021-11-03;6885.94
2021-12-03;6813.77
2021-01-04;6923.34
2021-02-04;6871.24
2021-03-04;6669.34
2021-05-04;6690.72
2021-06-04;6739.78
2021-08-04;6945.85
2021-10-04;6926.17
2021-11-04;6891.94
2021-01-05;6876.55
2021-02-05;6863.58
2021-03-05;6657.39
2021-04-05;6375.7
2021-05-05;6748.04
2021-07-05;6798.1
2021-08-05;6933.52
2021-10-05;6919.92
2021-11-05;6883.31
2021-01-06;6837.69
2021-04-06;6381.68
2021-05-06;6792.06
2021-07-06;6788.81
2021-08-06;6935.43
2021-09-06;6915.5
2021-10-06;6912.61
2021-12-06;6829.55
2021-01-07;6853.68
2021-04-07;6259.11
2021-05-07;6779.86
2021-06-07;6711.79
2021-07-07;6786.01
2021-09-07;6909.56
2021-10-07;6901.02
2021-12-07;6838.38
2021-01-08;6890.38
2021-02-08;6805.34
2021-03-08;6638.25
2021-04-08;6236.41
2021-06-08;6676.82
2021-07-08;6801.84
2021-09-08;6914.06
2021-10-08;6900.72
2021-11-08;6871.13
2021-02-09;6802.97
2021-03-09;6621.82
2021-04-09;6244.43
2021-06-09;6704.04
2021-07-09;6806.74
2021-08-09;6912.1
2021-09-09;6913.1
2021-11-09;6863.11
2021-12-09;6831.27
2021-02-10;6783.33
2021-03-10;6596.1
2021-05-10;6757.86
2021-06-10;6717.01
2021-08-10;6911.31
2021-09-10;6906.63
2021-11-10;6878.64
2021-12-10;6810.52
2021-01-11;6908.4
2021-02-11;6741.62
2021-03-11;6608.44
2021-05-11;6666.76
2021-06-11;6730.19
2021-08-11;6922.63
2021-10-11;6900
2021-11-11;6872.85
2021-01-12;6905.03
2021-02-12;6710.17
2021-03-12;6623.31
2021-04-12;6241.44
2021-05-12;6542.37
2021-07-12;6826.86
2021-08-12;6930.16
2021-10-12;6898.25
2021-11-12;6867.9
2021-01-13;6888.93
2021-04-13;6310.48
2021-05-13;6679.99
2021-07-13;6849.31
2021-08-13;6929.95
2021-09-13;6904.43
2021-10-13;6902.03
2021-12-13;6801.29
2021-01-14;6870.17
2021-04-14;6420.27
2021-06-14;6740.91
2021-07-14;6831.72
2021-09-14;6892.07
2021-10-14;6905
2021-12-14;6784.56
2021-01-15;6853.61
2021-02-15;6670.65
2021-03-15;6618.42
2021-04-15;6438.35
2021-06-15;6739.17
2021-07-15;6839.83
2021-09-15;6907.57
2021-10-15;6907.93
2021-11-15;6856.24
2021-12-15;6798.59
2021-02-16;6627.28
2021-03-16;6599.51
2021-04-16;6391.27
2021-06-16;6728.77
2021-07-16;6838.87
2021-08-16;6923.59
2021-09-16;6905.42
2021-11-16;6859.41
2021-12-16;6795.42
2021-02-17;6615.16
2021-03-17;6576.8
2021-05-17;6730.88
2021-06-17;6745.05
2021-08-17;6924.56
2021-09-17;6885
2021-11-17;6852.05
2021-12-17;6801.66
2021-01-18;6874.89
2021-02-18;6648.63
2021-03-18;6552.83
2021-05-18;6707.5
2021-06-18;6764.73
2021-08-18;6933.75
2021-10-18;6911.6
2021-11-18;6843.3
2021-01-19;6907.24
2021-02-19;6627.46
2021-03-19;6538
2021-04-19;6420.09
2021-05-19;6709.84
2021-07-19;6856.01
2021-08-19;6944.35
2021-10-19;6919.57
2021-11-19;6840.76
2021-01-20;6910.02
2021-04-20;6450.02
2021-05-20;6724.85
2021-07-20;6880.81
2021-08-20;6941.31
2021-09-20;6871.58
2021-10-20;6917.19
2021-12-20;6804.97
2021-01-21;6928.56
2021-04-21;6457.71
2021-05-21;6768.28
2021-06-21;6777.19
2021-07-21;6892.96
2021-09-21;6869.93
2021-10-21;6912.77
2021-12-21;6813.31
2021-01-22;6938.48
2021-02-22;6617.52
2021-03-22;6557.24
2021-04-22;6475.13
2021-06-22;6789.02
2021-07-22;6912.55
2021-09-22;6891.24
2021-10-22;6906.48
2021-11-22;6841.6
2021-12-22;6818.52
2021-02-23;6606.92
2021-03-23;6529.83
2021-04-23;6509.99
2021-06-23;6791.11
2021-07-23;6916.84
2021-08-23;6933.68
2021-09-23;6884.91
2021-11-23;6825.8
2021-12-23;6799.69
2021-02-24;6611.3
2021-03-24;6490.04
2021-05-24;6728.81
2021-06-24;6770.62
2021-08-24;6933.19
2021-09-24;6881.33
2021-11-24;6822.14
2021-12-24;6804.08
2021-01-25;6942.17
2021-02-25;6624.67
2021-03-25;6462.52
2021-05-25;6721.39
2021-06-25;6760.01
2021-08-25;6936.18
2021-10-25;6901.84
2021-11-25;6827.81
2021-01-26;6955.93
2021-02-26;6620.75
2021-03-26;6449.27
2021-04-26;6456.05
2021-05-26;6756.13
2021-07-26;6917.84
2021-08-26;6940.04
2021-10-26;6918.84
2021-11-26;6831.91
2021-01-27;6993.79
2021-04-27;6502.49
2021-05-27;6787.58
2021-07-27;6933.98
2021-08-27;6925.41
2021-10-27;6917.28
2021-12-27;6805.07
2021-01-28;6963.9
2021-04-28;6531.82
2021-05-28;6781.51
2021-06-28;6747.53
2021-07-28;6930.31
2021-09-28;6896.65
2021-10-28;6907.2
2021-12-28;6832.21
2021-01-29;6950.06
2021-03-29;6326.61
2021-04-29;6583.67
2021-06-29;6752.29
2021-07-29;6904.76
2021-09-29;6900.73
2021-10-29;6904.76
2021-11-29;6842.77
2021-12-29;6872.85
2021-03-30;6154.97
2021-04-30;6587.48
2021-06-30;6754.47
2021-07-30;6917.79
2021-08-30;6921.56
2021-09-30;6913.99
2021-11-30;6838.4
2021-12-30;6885.79
2021-03-31;6311.11
2021-05-31;6764.76
2021-08-31;6921.13
2022-02-01;7037.83
2022-03-01;6974.39
2022-04-01;6924.75
2022-06-01;6854.53
2022-07-01;6849.1
2022-08-01;6866.71
2022-09-01;6917.57
2022-11-01;7270.73
2022-12-01;7196.4
2022-02-02;7039.71
2022-03-02;6973.72
2022-06-02;6856.39
2022-08-02;6869.41
2022-09-02;6919.64
2022-11-02;7259.03
2022-12-02;7197.5
2022-01-03;6906.86
2022-02-03;6995.06
2022-03-03;6990.87
2022-05-03;6834.55
2022-06-03;6834.75
2022-08-03;6867.63
2022-11-03;7249.64
2022-01-04;6952.73
2022-02-04;6984.02
2022-03-04;6970.09
2022-04-04;6913.28
2022-05-04;6825.28
2022-07-04;6859.09
2022-08-04;6862.59
2022-10-04;7073.65
2022-11-04;7219.5
2022-01-05;6961.22
2022-04-05;6906.87
2022-05-05;6836.8
2022-07-05;6864.05
2022-08-05;6870.88
2022-09-05;6912.68
2022-10-05;7072.89
2022-12-05;7191.62
2022-01-06;6956.22
2022-04-06;6891.93
2022-05-06;6846.57
2022-06-06;6836.17
2022-07-06;6862.77
2022-09-06;6905.93
2022-10-06;7104.47
2022-12-06;7149.72
2022-01-07;6950.65
2022-02-07;6962.58
2022-03-07;6956.49
2022-04-07;6865.78
2022-06-07;6823.48
2022-07-07;6869.42
2022-09-07;6910.06
2022-10-07;7121.53
2022-11-07;7175.59
2022-12-07;7086.59
2022-02-08;6944.19
2022-03-08;6966.76
2022-04-08;6824.18
2022-06-08;6849.72
2022-07-08;6871.51
2022-08-08;6868.98
2022-09-08;6922.66
2022-11-08;7144.16
2022-02-09;6963.27
2022-03-09;6976.86
2022-05-09;6870.82
2022-06-09;6862.58
2022-08-09;6876.55
2022-09-09;6919.38
2022-12-09;7230.39
2022-01-10;6948.37
2022-02-10;6960.14
2022-03-10;6971.35
2022-05-10;6870.27
2022-06-10;6854.08
2022-08-10;6893.59
2022-10-10;7110.24
2022-11-10;7057.17
2022-01-11;6944.84
2022-02-11;6948.65
2022-03-11;6964.47
2022-04-11;6802.04
2022-05-11;6882.22
2022-07-11;6868.22
2022-08-11;6888.16
2022-10-11;7124.61
2022-11-11;7039.74
2022-01-12;6961.5
2022-04-12;6823.89
2022-05-12;6890.18
2022-07-12;6859.82
2022-08-12;6885.87
2022-09-12;6934.75
2022-10-12;7141.92
2022-12-12;7219.78
2022-01-13;6967.86
2022-04-13;6864.24
2022-05-13;6878.99
2022-06-13;6878.84
2022-07-13;6865.54
2022-09-13;6951.92
2022-10-13;7159.42
2022-12-13;7188.71
2022-01-14;6978.85
2022-02-14;6956.59
2022-03-14;6968.9
2022-06-14;6882.24
2022-07-14;6867.71
2022-09-14;6972.25
2022-10-14;7145.87
2022-11-14;7094.64
2022-12-14;7211.17
2022-02-15;6946.95
2022-03-15;6962.03
2022-06-15;6874.16
2022-07-15;6867
2022-09-15;6983.66
2022-11-15;7139.72
2022-12-15;7250.11
2022-02-16;6939.68
2022-03-16;6971.26
2022-05-16;6858.24
2022-06-16;6864.14
2022-08-16;6876.44
2022-09-16;6980.26
2022-11-16;7171.84
2022-12-16;7207.41
2022-01-17;6972
2022-02-17;6939.02
2022-03-17;6969.54
2022-05-17;6852.01
2022-06-17;6860.11
2022-08-17;6879.01
2022-10-17;7172.51
2022-11-17;7173.57
2022-01-18;6965.99
2022-02-18;6961.41
2022-03-18;6975.19
2022-04-18;6858.74
2022-05-18;6846.49
2022-07-18;6871.8
2022-08-18;6883.87
2022-10-18;7203.04
2022-11-18;7205.65
2022-01-19;6985.83
2022-04-19;6850.27
2022-05-19;6841.86
2022-07-19;6863.81
2022-08-19;6885.53
2022-09-19;6986.86
2022-10-19;7223.31
2022-12-19;7205.45
2022-01-20;7012
2022-04-20;6855.17
2022-05-20;6834.76
2022-06-20;6871.78
2022-07-20;6860.62
2022-09-20;6995.39
2022-10-20;7241.09
2022-12-20;7261.18
2022-01-21;7026.25
2022-02-21;6937.56
2022-03-21;6963.49
2022-04-21;6827.46
2022-06-21;6881.3
2022-07-21;6865.75
2022-09-21;7002.97
2022-10-21;7234.87
2022-11-21;7194.23
2022-12-21;7314.25
2022-02-22;6936.62
2022-03-22;6963.66
2022-04-22;6830.04
2022-06-22;6892.44
2022-07-22;6891.69
2022-08-22;6891.97
2022-09-22;7024.74
2022-11-22;7181.05
2022-12-22;7314.39
2022-02-23;6954.32
2022-03-23;6962.7
2022-05-23;6848.22
2022-06-23;6880.68
2022-08-23;6886.33
2022-09-23;7009.28
2022-11-23;7209.57
2022-12-23;7317.77
2022-01-24;7036.97
2022-02-24;7023.46
2022-03-24;6963.91
2022-05-24;6862.37
2022-06-24;6866.77
2022-08-24;6866.49
2022-10-24;7233.01
2022-11-24;7243.22
2022-01-25;7055.71
2022-02-25;6999.82
2022-03-25;6965.64
2022-04-25;6821.4
2022-05-25;6860.05
2022-07-25;6897.69
2022-08-25;6871.67
2022-10-25;7247.25
2022-11-25;7238.43
2022-01-26;7074.35
2022-04-26;6841.66
2022-05-26;6869.35
2022-07-26;6888.19
2022-08-26;6879.94
2022-09-26;7012.33
2022-10-26;7264.19
2022-12-26;7320.69
2022-01-27;7098.8
2022-04-27;6846.81
2022-05-27;6862.49
2022-06-27;6859.3
2022-07-27;6908.65
2022-09-27;7032.96
2022-10-27;7287.04
2022-12-27;7347.97
2022-01-28;7095.34
2022-03-28;6970.98
2022-04-28;6842.25
2022-06-28;6859.78
2022-07-28;6898.32
2022-09-28;7062.45
2022-10-28;7267.92
2022-11-28;7204.25
2022-12-28;7371.91
2022-03-29;6961.03
2022-04-29;6826.7
2022-06-29;6853.82
2022-07-29;6872.98
2022-08-29;6894.01
2022-09-29;7094.15
2022-11-29;7222.98
2022-12-29;7345.93
2022-03-30;6953.82
2022-05-30;6882.4
2022-06-30;6847.76
2022-08-30;6894.49
2022-09-30;7091.39
2022-11-30;7219.09
2022-01-31;7047.6
2022-03-31;6930.05
2022-05-31;6858.59
2022-08-31;6904.1
2022-10-31;7270.68
2023-02-01;7311.41
2023-03-01;7215.24
2023-06-01;7241.7
2023-08-01;7279.52
2023-09-01;7274.61
2023-11-01;7477.52
2023-12-01;7404.24
2023-01-02;7303.81
2023-02-02;7320.64
2023-03-02;7208.83
2023-05-02;7197.27
2023-06-02;7229.44
2023-08-02;7288.28
2023-10-02;7291.36
2023-11-02;7478.48
2023-01-03;7318.6
2023-02-03;7310.88
2023-03-03;7184.27
2023-04-03;7189.88
2023-05-03;7166.02
2023-07-03;7262.67
2023-08-03;7293.02
2023-10-03;7301.27
2023-11-03;7469.51
2023-01-04;7324.97
2023-04-04;7167.05
2023-05-04;7170.08
2023-07-04;7260.1
2023-08-04;7275.35
2023-09-04;7273.81
2023-10-04;7312.87
2023-12-04;7383.05
2023-01-05;7330.09
2023-04-05;7168.43
2023-05-05;7154.51
2023-06-05;7245.38
2023-07-05;7284.4
2023-09-05;7269.79
2023-10-05;7319.21
2023-12-05;7373.06
2023-01-06;7341.28
2023-02-06;7298.29
2023-03-06;7187.62
2023-06-06;7251.43
2023-07-06;7299.67
2023-09-06;7273.52
2023-10-06;7314.78
2023-11-06;7450.73
2023-12-06;7351.45
2023-02-07;7271.89
2023-03-07;7189.32
2023-06-07;7234.43
2023-07-07;7287.1
2023-08-07;7271.69
2023-09-07;7273.38
2023-11-07;7440.78
2023-12-07;7349.49
2023-02-08;7282.95
2023-03-08;7210.13
2023-05-08;7154.38
2023-06-08;7253.62
2023-08-08;7266.57
2023-09-08;7268.64
2023-11-08;7440.18
2023-01-09;7365.79
2023-02-09;7283.27
2023-03-09;7210.13
2023-05-09;7182.91
2023-06-09;7250.5
2023-08-09;7276.84
2023-10-09;7320.96
2023-11-09;7439.37
2023-01-10;7393.76
2023-02-10;7284.71
2023-03-10;7189.69
2023-04-10;7176.89
2023-05-10;7194.97
2023-07-10;7282.15
2023-08-10;7271.59
2023-10-10;7329.56
2023-11-10;7443.16
2023-01-11;7396.43
2023-04-11;7161.72
2023-05-11;7225.4
2023-07-11;7279.63
2023-08-11;7267.53
2023-09-11;7277.44
2023-10-11;7337.93
2023-12-11;7344.54
2023-01-12;7412.59
2023-04-12;7158.35
2023-05-12;7210.79
2023-07-12;7273.74
2023-09-12;7282.61
2023-10-12;7346.58
2023-12-12;7335.63
2023-01-13;7404.88
2023-02-13;7283.2
2023-03-13;7195.57
2023-04-13;7152.56
2023-06-13;7247.22
2023-07-13;7264.67
2023-09-13;7285.05
2023-10-13;7378.51
2023-11-13;7446.28
2023-12-13;7311.17
2023-02-14;7283.24
2023-03-14;7193.17
2023-04-14;7134.63
2023-06-14;7237.25
2023-07-14;7275.12
2023-08-14;7263.54
2023-09-14;7282.96
2023-11-14;7451.63
2023-12-14;7307.5
2023-02-15;7292.37
2023-03-15;7216.1
2023-06-15;7248.31
2023-09-15;7270.58
2023-11-15;7442.35
2023-12-15;7324.92
2023-01-16;7416.97
2023-02-16;7318.71
2023-03-16;7215.95
2023-05-16;7190.42
2023-06-16;7255.43
2023-08-16;7270.62
2023-10-16;7405.33
2023-11-16;7437.63
2023-01-17;7424.16
2023-02-17;7336.16
2023-03-17;7199.93
2023-04-17;7126.81
2023-05-17;7208.94
2023-07-17;7270.04
2023-08-17;7268.28
2023-10-17;7444.29
2023-11-17;7446.09
2023-01-18;7432.79
2023-04-18;7123.91
2023-05-18;7241.03
2023-07-18;7267.25
2023-08-18;7275.01
2023-09-18;7267.92
2023-10-18;7438.02
2023-12-18;7349.88
2023-01-19;7448.37
2023-04-19;7135.16
2023-05-19;7247.9
2023-06-19;7246.8
2023-07-19;7278.89
2023-09-19;7282.58
2023-10-19;7423.24
2023-12-19;7364.48
2023-01-20;7439.13
2023-02-20;7327.2
2023-03-20;7175.83
2023-04-20;7132.8
2023-06-20;7266.59
2023-07-20;7280.24
2023-09-20;7286.68
2023-10-20;7434.75
2023-11-20;7446.89
2023-12-20;7373.76
2023-02-21;7314.16
2023-03-21;7188.74
2023-04-21;7164.97
2023-06-21;7280.23
2023-07-21;7275.47
2023-08-21;7265.56
2023-09-21;7290.91
2023-11-21;7447.42
2023-12-21;7359.59
2023-02-22;7318.91
2023-03-22;7184.44
2023-05-22;7229.82
2023-06-22;7289.82
2023-08-22;7276.17
2023-09-22;7292.72
2023-11-22;7444.52
2023-12-22;7311.34
2023-01-23;7402.65
2023-02-23;7295.38
2023-03-23;7163.95
2023-05-23;7236.2
2023-06-23;7262.95
2023-08-23;7286.5
2023-10-23;7447.88
2023-11-23;7458.8
2023-01-24;7389.58
2023-02-24;7283.38
2023-03-24;7162.11
2023-04-24;7199.52
2023-05-24;7245.08
2023-07-24;7269.38
2023-08-24;7290.85
2023-10-24;7428.79
2023-11-24;7446.71
2023-01-25;7379.92
2023-04-25;7223.69
2023-05-25;7230.65
2023-07-25;7278.31
2023-08-25;7278.81
2023-09-25;7290.09
2023-10-25;7431.64
2023-01-26;7392.58
2023-04-26;7268.51
2023-05-26;7216.83
2023-06-26;7274.03
2023-07-26;7276.31
2023-09-26;7282.09
2023-10-26;7453.54
2023-12-26;7275.52
2023-01-27;7386.75
2023-03-27;7177.81
2023-04-27;7255.53
2023-06-27;7289.68
2023-07-27;7289.72
2023-09-27;7295.79
2023-10-27;7481.37
2023-11-27;7432.43
2023-12-27;7268.41
2023-02-28;7229.59
2023-03-28;7180.89
2023-04-28;7231.82
2023-06-28;7279.87
2023-07-28;7277.17
2023-08-28;7277.8
2023-09-28;7295.68
2023-11-28;7435.37
2023-12-28;7278.37
2023-03-29;7166.94
2023-05-29;7217.39
2023-06-29;7269.55
2023-08-29;7280.62
2023-11-29;7437.26
2023-01-30;7344.76
2023-03-30;7155.09
2023-05-30;7277.21
2023-06-30;7266.05
2023-08-30;7292.39
2023-10-30;7469.56
2023-11-30;7423.96
2023-01-31;7305.94
2023-03-31;7195.44
2023-05-31;7274.61
2023-07-31;7289.18
2023-08-31;7282.7
2023-10-31;7468.22
2024-02-01;7271.63
2024-04-01;7389.07
2024-07-01;7538.77
2024-08-01;7580.53
2024-10-01;7795.26
2024-11-01;7847.7
2024-01-02;7281.04
2024-02-02;7264.14
2024-04-02;7369.71
2024-05-02;7496.55
2024-07-02;7541.08
2024-08-02;7581.23
2024-09-02;7692.2
2024-10-02;7799.89
2024-12-02;7810.84
2024-01-03;7262.13
2024-04-03;7374.58
2024-05-03;7480.13
2024-06-03;7529.85
2024-07-03;7541.46
2024-09-03;7714.72
2024-10-03;7797.73
2024-12-03;7819.77
2024-01-04;7257.89
2024-03-04;7300.64
2024-04-04;7377.2
2024-06-04;7532.22
2024-07-04;7539.03
2024-09-04;7736.82
2024-10-04;7805.38
2024-11-04;7793.36
2024-12-04;7826.67
2024-01-05;7282.49
2024-02-05;7279.71
2024-03-05;7286.84
2024-04-05;7374.49
2024-06-05;7530.08
2024-07-05;7540.5
2024-08-05;7575.9
2024-09-05;7731.01
2024-11-05;7769.81
2024-12-05;7825.79
2024-02-06;7290.12
2024-03-06;7287.6
2024-05-06;7474.67
2024-06-06;7533.32
2024-08-06;7572.05
2024-09-06;7737.96
2024-11-06;7810.87
2024-12-06;7813.19
2024-02-07;7292.22
2024-03-07;7293.82
2024-05-07;7478.25
2024-06-07;7528.41
2024-08-07;7574.17
2024-10-07;7804.15
2024-11-07;7820.32
2024-01-08;7287.73
2024-02-08;7284.03
2024-03-08;7292.72
2024-04-08;7375.39
2024-05-08;7487.71
2024-07-08;7545.04
2024-08-08;7574.77
2024-10-08;7800.78
2024-11-08;7814.85
2024-01-09;7297.41
2024-02-09;7286.75
2024-04-09;7383.19
2024-05-09;7501.46
2024-07-09;7543.8
2024-08-09;7569.97
2024-09-09;7729.01
2024-10-09;7802.08
2024-12-09;7822.03
2024-01-10;7295.75
2024-04-10;7389.39
2024-05-10;7512.13
2024-07-10;7543
2024-09-10;7733.09
2024-10-10;7812.55
2024-12-10;7830.43
2024-01-11;7272.24
2024-03-11;7291.13
2024-04-11;7401.11
2024-06-11;7526.01
2024-07-11;7543.04
2024-09-11;7743.98
2024-10-11;7822.6
2024-11-11;7802.79
2024-12-11;7833.13
2024-01-12;7270.1
2024-02-12;7280.11
2024-03-12;7305.03
2024-04-12;7411.12
2024-06-12;7519.4
2024-07-12;7544.7
2024-08-12;7569.53
2024-09-12;7762.5
2024-11-12;7813.39
2024-12-12;7829.76
2024-02-13;7288.19
2024-03-13;7302.58
2024-05-13;7511.65
2024-06-13;7527.89
2024-08-13;7571.25
2024-09-13;7775.16
2024-11-13;7808.3
2024-12-13;7817.53
2024-02-14;7294.24
2024-03-14;7299.93
2024-06-14;7531.19
2024-08-14;7573.69
2024-10-14;7827.51
2024-11-14;7798.05
2024-01-15;7283.69
2024-02-15;7297.27
2024-03-15;7302.38
2024-04-15;7411.17
2024-07-15;7556.65
2024-10-15;7837.69
2024-11-15;7792.02
2024-01-16;7287.53
2024-02-16;7307.41
2024-04-16;7406.87
2024-05-16;7499.31
2024-07-16;7558.07
2024-08-16;7582.16
2024-09-16;7777.81
2024-10-16;7859.93
2024-12-16;7810.8
2024-01-17;7287.15
2024-04-17;7406.33
2024-05-17;7498.01
2024-06-17;7529.18
2024-07-17;7553.73
2024-09-17;7793.16
2024-10-17;7918.22
2024-12-17;7807.53
2024-01-18;7298.59
2024-03-18;7307.89
2024-04-18;7405.77
2024-06-18;7530.35
2024-07-18;7562.33
2024-09-18;7811.2
2024-10-18;7931.66
2024-11-18;7827.33
2024-12-18;7800.63
2024-01-19;7314.38
2024-02-19;7303.73
2024-03-19;7321.31
2024-04-19;7416.05
2024-06-19;7531.08
2024-07-19;7572.45
2024-08-19;7590.62
2024-09-19;7804.34
2024-11-19;7842.45
2024-12-19;7811.62
2024-02-20;7290.19
2024-03-20;7329.24
2024-05-20;7514.13
2024-06-20;7534.19
2024-08-20;7588.16
2024-09-20;7788.17
2024-11-20;7808.67
2024-12-20;7801.99
2024-02-21;7280.42
2024-03-21;7342.74
2024-05-21;7521.48
2024-06-21;7537.97
2024-08-21;7593.4
2024-10-21;7922.48
2024-11-21;7800.51
2024-01-22;7309.88
2024-02-22;7278.32
2024-03-22;7352.59
2024-04-22;7423.83
2024-05-22;7522.91
2024-07-22;7572.18
2024-08-22;7601.21
2024-10-22;7934.42
2024-11-22;7803.65
2024-01-23;7300.59
2024-02-23;7286.58
2024-04-23;7437.36
2024-05-23;7527.2
2024-07-23;7579.39
2024-08-23;7610.29
2024-09-23;7783.61
2024-10-23;7958.61
2024-12-23;7787.53
2024-01-24;7304.84
2024-04-24;7437.17
2024-05-24;7525.67
2024-06-24;7543.33
2024-07-24;7587.74
2024-09-24;7803.59
2024-10-24;8000.53
2024-12-24;7787.13
2024-01-25;7293.29
2024-03-25;7370.05
2024-04-25;7444.1
2024-06-25;7542.56
2024-07-25;7578.1
2024-09-25;7813.97
2024-10-25;7975.35
2024-11-25;7813.42
2024-01-26;7277.92
2024-02-26;7298.18
2024-03-26;7380.6
2024-04-26;7456.96
2024-06-26;7541.11
2024-07-26;7574.12
2024-08-26;7619.28
2024-09-26;7809.03
2024-11-26;7803.86
2024-12-26;7809.1
2024-02-27;7301.5
2024-03-27;7398.63
2024-05-27;7535.26
2024-06-27;7543.85
2024-08-27;7632.1
2024-09-27;7799.24
2024-11-27;7811.63
2024-12-27;7808.37
2024-02-28;7290.64
2024-05-28;7541.83
2024-06-28;7539.62
2024-08-28;7652.49
2024-10-28;7948.59
2024-11-28;7805.73
2024-01-29;7279.82
2024-02-29;7304.95
2024-04-29;7479.42
2024-05-29;7547.95
2024-07-29;7569.03
2024-08-29;7679.58
2024-10-29;7921.92
2024-11-29;7798.04
2024-01-30;7281.83
2024-04-30;7500.25
2024-05-30;7544.07
2024-07-30;7579.56
2024-08-30;7683.6
2024-10-30;7907.57
2024-12-30;7831.26
2024-01-31;7280.74
2024-05-31;7529.12
2024-07-31;7583.26
2024-10-31;7874.31
2025-04-01;8008.23
2025-07-01;7708.58
2025-08-01;7406.95
2025-09-01;7288.84
2025-10-01;7006.41
2025-12-01;6957.49
2025-01-02;7865.88
2025-04-02;8029.54
2025-05-02;8005.28
2025-06-02;7985.44
2025-07-02;7727.6
2025-09-02;7302.8
2025-10-02;7023.36
2025-12-02;6883.26
2025-01-03;7913.63
2025-02-03;7879.24
2025-04-03;8021.66
2025-06-03;7994.25
2025-07-03;7802.97
2025-09-03;7297
2025-10-03;7052.49
2025-11-03;7091.42
2025-12-03;6870.64
2025-02-04;7883.1
2025-03-04;7916.26
2025-04-04;8012.08
2025-06-04;7971.35
2025-07-04;7745.69
2025-08-04;7383.48
2025-09-04;7208.33
2025-11-04;7084.39
2025-12-04;6886.39
2025-02-05;7888.23
2025-03-05;7920.83
2025-05-05;8007.03
2025-06-05;7963.35
2025-08-05;7355.4
2025-11-05;7087.5
2025-12-05;6837.96
2025-01-06;7920.51
2025-02-06;7887.59
2025-03-06;7926.31
2025-05-06;7996.18
2025-06-06;7963.43
2025-08-06;7334.27
2025-10-06;7014.24
2025-11-06;7077.8
2025-01-07;7891.39
2025-02-07;7885.06
2025-03-07;7935.98
2025-04-07;8013.91
2025-05-07;7992.23
2025-07-07;7715.54
2025-08-07;7299.41
2025-10-07;6984.86
2025-11-07;7090.26
2025-01-08;7861.68
2025-04-08;8008.42
2025-05-08;8002.92
2025-07-08;7710.7
2025-08-08;7271.55
2025-09-08;7132.35
2025-10-08;7001.34
2025-01-09;7873.07
2025-04-09;8012.16
2025-05-09;7990.86
2025-06-09;7957.8
2025-07-09;7684.18
2025-09-09;7177.04
2025-10-09;7021.13
2025-12-09;6817.78
2025-01-10;7883.49
2025-02-10;7875.38
2025-03-10;7933.84
2025-04-10;8007.64
2025-06-10;7978.74
2025-07-10;7621.46
2025-09-10;7190.07
2025-10-10;7057.85
2025-11-10;7068.37
2025-12-10;6757.21
2025-02-11;7869.97
2025-03-11;7931.62
2025-04-11;8005.27
2025-06-11;7982.06
2025-07-11;7620.16
2025-08-11;7263.48
2025-09-11;7169.79
2025-11-11;7063.27
2025-12-11;6722.01
2025-02-12;7887.85
2025-03-12;7945.03
2025-05-12;7989.28
2025-06-12;7960.37
2025-08-12;7268.29
2025-09-12;7216.51
2025-11-12;7048.31
2025-12-12;6608.07
2025-01-13;7894.56
2025-02-13;7906.02
2025-03-13;7954.54
2025-05-13;7987.67
2025-06-13;7963.74
2025-08-13;7234.4
2025-10-13;7043.11
2025-11-13;7047.69
2025-01-14;7888.03
2025-02-14;7905.67
2025-03-14;7978.82
2025-04-14;8000.94
2025-07-14;7605.73
2025-08-14;7173.39
2025-10-14;7067.32
2025-11-14;7042.33
2025-01-15;7875.34
2025-04-15;8005.2
2025-07-15;7576.76
2025-09-15;7225.5
2025-10-15;7068.98
2025-12-15;6436.05
2025-01-16;7891.66
2025-04-16;8013.88
2025-05-16;7990.33
2025-07-16;7559.45
2025-09-16;7174.14
2025-10-16;7104.68
2025-12-16;6621.92
2025-01-17;7924.32
2025-02-17;7912.14
2025-03-17;7981.37
2025-06-17;7978.38
2025-07-17;7512.36
2025-09-17;7171.69
2025-10-17;7077.11
2025-11-17;7050.85
2025-12-17;6687.49
2025-02-18;7902.4
2025-03-18;7992.37
2025-06-18;7982.68
2025-07-18;7442.77
2025-08-18;7217.78
2025-09-18;7180.71
2025-11-18;7048.52
2025-12-18;6707.41
2025-02-19;7906.64
2025-03-19;7999.55
2025-05-19;7991.52
2025-06-19;7980.39
2025-08-19;7293.98
2025-09-19;7165.36
2025-11-19;7023.42
2025-12-19;6773.23
2025-01-20;7909.42
2025-02-20;7901.26
2025-03-20;7981.68
2025-05-20;7993.05
2025-06-20;7967.38
2025-08-20;7373.43
2025-10-20;7055.99
2025-11-20;7019.02
2025-01-21;7912.4
2025-02-21;7914.15
2025-03-21;7997.23
2025-04-21;8011.59
2025-05-21;7977.01
2025-07-21;7366.06
2025-08-21;7403.7
2025-10-21;7091.62
2025-11-21;7000.3
2025-01-22;7916.14
2025-04-22;8009.2
2025-05-22;7981.06
2025-07-22;7431.04
2025-08-22;7405.87
2025-09-22;7093.5
2025-10-22;7098.25
2025-12-22;6821.61
2025-01-23;7918.96
2025-04-23;8008.24
2025-05-23;7983.59
2025-06-23;7979.85
2025-07-23;7498.6
2025-09-23;7053.66
2025-10-23;7080.7
2025-12-23;6790.83
2025-01-24;7913.89
2025-02-24;7924.6
2025-03-24;8010.32
2025-04-24;8006.47
2025-06-24;7980.7
2025-07-24;7459.69
2025-09-24;7062.46
2025-10-24;7085.87
2025-11-24;7002.55
2025-12-24;6632.86
2025-02-25;7934.59
2025-03-25;8012.4
2025-04-25;8009.38
2025-06-25;7960.84
2025-07-25;7451.38
2025-08-25;7378.88
2025-09-25;7094.9
2025-11-25;6992.48
2025-02-26;7930.1
2025-03-26;8013.74
2025-05-26;7991.48
2025-06-26;7928.53
2025-08-26;7319.39
2025-09-26;7065.5
2025-11-26;6985.37
2025-01-27;7901.88
2025-02-27;7924.11
2025-03-27;7966.06
2025-05-27;8000.95
2025-06-27;7901.3
2025-08-27;7306.34
2025-10-27;7091.79
2025-11-27;6997.19
2025-01-28;7896.51
2025-02-28;7923.42
2025-03-28;7988.65
2025-04-28;8014.1
2025-05-28;7990.57
2025-07-28;7394.58
2025-08-28;7340.01
2025-10-28;7111.36
2025-11-28;6982.22
2025-01-29;7892.69
2025-04-29;8013.03
2025-05-29;7973.08
2025-07-29;7369.69
2025-08-29;7327.49
2025-10-29;7091.32
2025-12-29;6583.69
2025-01-30;7891.87
2025-04-30;8006.85
2025-05-30;7959.39
2025-06-30;7784.15
2025-07-30;7399.79
2025-09-30;7002.41
2025-10-30;7077.99
2025-12-30;6575.71
2025-01-31;7877.48
2025-03-31;7994.25
2025-07-31;7430.78
2025-10-31;7104.85
2026-04-01;6486.59
2026-01-02;6627.6
2026-02-02;6651.15
2026-02-03;6621.59
2026-03-03;6519.06
2026-02-04;6605.71
2026-03-04;6547.99
2026-05-04;6047.81
2026-01-05;6747.89
2026-02-05;6610.62
2026-03-05;6550.69
2026-05-05;6188.65
2026-01-06;6627.99
2026-02-06;6593.97
2026-03-06;6446.1
2026-04-06;6492.24
2026-05-06;6242.77
2026-01-07;6490.37
2026-04-07;6495.5
2026-05-07;6180.53
2026-01-08;6539.25
2026-04-08;6466.36
2026-05-08;6159.41
2026-01-09;6611.49
2026-02-09;6596.09
2026-03-09;6495.22
2026-04-09;6475.53
2026-02-10;6607.58
2026-03-10;6498.1
2026-04-10;6411.66
2026-02-11;6584.76
2026-03-11;6480.18
2026-05-11;6107.6
2026-01-12;6775.59
2026-02-12;6559.25
2026-03-12;6457.36
2026-05-12;6119.42
2026-01-13;6784.91
2026-02-13;6537.78
2026-03-13;6499.04
2026-04-13;6416.86
2026-01-14;6753.68
2026-04-14;6402.38
2026-01-15;6718.58
2026-04-15;6383.19
2026-01-16;6695.44
2026-02-16;6453.18
2026-03-16;6487.88
2026-04-16;6374.31
2026-02-17;6487.78
2026-03-17;6468.07
2026-04-17;6379.25
2026-02-18;6478
2026-03-18;6499.93
2026-01-19;6694.31
2026-02-19;6468.93
2026-03-19;6523.27
2026-01-20;6703.15
2026-02-20;6474.94
2026-03-20;6537.65
2026-04-20;6353.34
2026-01-21;6744.1
2026-04-21;6294.93
2026-01-22;6690.97
2026-04-22;6323.49
2026-01-23;6722.35
2026-02-23;6454.49
2026-03-23;6541.55
2026-04-23;6350.27
2026-02-24;6440.15
2026-03-24;6516.24
2026-04-24;6304.84
2026-02-25;6453.29
2026-03-25;6541.21
2026-01-26;6704.83
2026-02-26;6456.71
2026-03-26;6540.45
2026-01-27;6718.62
2026-02-27;6459.98
2026-03-27;6527.88
2026-04-27;6275.03
2026-01-28;6714.38
2026-04-28;6225.37
2026-01-29;6694.88
2026-04-29;6144.8
2026-01-30;6658.19
2026-03-30;6482.39
2026-04-30;5977.06
2026-03-31;6503.49
